index,cookTime,datePublished,description,image,ingredients,name,prepTime,recipeYield,url,total_time,difficulty
5,PT10M,2012-05-31,"When I was in Albuquerque with Marlboro Man and the boys a month ago, I had a really fun book signing. Such incredibly nice a...",http://static.thepioneerwoman.com/cooking/files/2012/05/enchilada.jpg,"1 whole Onion, Diced 2 Tablespoons Butter 1 can (15 Ounce) Green Enchilada Sauce 2 cans (4 Ounce) Chopped Green Chilies 12 whole Corn Tortillas 2 cups Freshly Grated Cheddar (or Cheddar-jack) Cheese (or Any Cheese You'd Like)  Sour Cream  Salsa  Pico De Gallo (optional)  Guacamole (optional)  Cilantro Leaves, Optional",Easy Green Chile Enchiladas,PT5M,4,http://thepioneerwoman.com/cooking/2012/05/easy-green-chile-enchiladas/,900.0,Medium
23,PT20M,2012-01-19,"I made these beautiful, tasty little suckers before Christmas and am only just now recovering from the bliss so I can tell yo...",http://static.thepioneerwoman.com/cooking/files/2012/01/scallops.jpg,"2 pounds Large Scallops 1/2 pound Bacon, Cut Into Thirds Or Halves 1 stick Butter 2 teaspoons Chili Powder  Dash Of Cayenne",Bacon-Wrapped Scallops with Chili Butter,PT15M,8,http://thepioneerwoman.com/cooking/2012/01/bacon-wrapped-scallops-with-chili-butter/,2100.0,Medium
25,PT3H,2012-01-30,"My oh my, was this good. Ultra spicy, seriously tender stewed meat served over unbelievably creamy cheese grits. The spicines...",http://static.thepioneerwoman.com/cooking/files/2012/01/stewedbeef.jpg,"2 Tablespoons Canola Oil 2 Tablespoons Butter 3 pounds Stew Meat Or Diced Chuck Roast 1 can (11 Ounces) Chipotle Peppers In Adobo Sauce 4 cups Low-sodium Beef Broth, More If Needed 5 cloves Minced Garlic 1 Tablespoon Cumin 2 teaspoons Chili Powder 1 whole Onion, Diced 1 whole Red Bell Pepper 3 whole Chilies (any Variety, Hot Or Mild) 4 cups Stone Ground Grits 6 cups Low Sodium Chicken (or Beef) Broth 3 cups Water 2 cups Half-and-half 2 cups Grated Cheddar Cheese",Spicy Stewed Beef with Creamy Cheddar Grits,PT20M,12,http://thepioneerwoman.com/cooking/2012/01/spicy-stewed-beef-with-creamy-cheddar-grits/,12000.0,Hard
30,PT15M,2012-02-22,"Today is Ash Wednesday, the beginning of Lent, and I'd like to share this exceedingly meatless treat with you that I've been ...",http://static.thepioneerwoman.com/cooking/files/2012/02/wraps.jpg,"2 teaspoons Peanut Or Olive Oil 1 package (about 12-14 Oz. Size) Firm Tofu 2 ears Corn (or 1 1/2 Cups Frozen Corn Kernels) 1/4 teaspoon Chili Powder (more To Taste) 1/4 cup Soy Sauce  Romaine Lettuce Hearts 2 whole Avocados, Sliced 1 teaspoon Balsamic Vinegar (optional)",Vegetarian Lettuce Wraps,PT5M,6,http://thepioneerwoman.com/cooking/2012/02/vegetarian-lettuce-wraps/,1200.0,Medium
54,PT5M,2012-05-17,"Before I share my fourth and final grilling recipe, I’m busting at the seams to announce the winners of the Bush’s Grilli...",http://static.thepioneerwoman.com/cooking/files/2012/05/bushs41.jpg,"4 whole Ribeye, Hanger, Flat Iron, Or Strip Steaks 1/2 teaspoon Ground Nutmeg 1/2 teaspoon Ground Cumin 1 teaspoon Ground Cinnamon 1 teaspoon Ground Ginger 2 Tablespoons Chili Powder 1/2 teaspoon Ground Turmeric 2 Tablespoons Garlic Salt 1 cup Olive Oil 2 cans Bush's Grillin Beans Steakhouse Recipe",Grillin’ Recipe Contest Winners!,PT10M,4,http://thepioneerwoman.com/cooking/2012/05/grillin-recipe-contest-winners/,900.0,Medium
92,PT4H,2011-08-04,"My name is Pioneer Woman and I love beans.     Hi, Pioneer Woman.     Sorry. It's true, though. A big pot of brown beans simm...",http://static.thepioneerwoman.com/cooking/files/2011/08/6005198000_e154cac62e_o.jpg,"4 cups Dry Pinto Beans 1 whole Ham Hock 1 whole Onion, Diced 2 whole Red Bell Peppers, Diced 4 cloves Garlic, Minced 2 whole Jalapenos, Sliced 2 teaspoons Salt, More To Taste 2 teaspoons Chili Powder (optional) 2 teaspoons Black Pepper, More To Taste",Spicy Beans,PT5M,12,http://thepioneerwoman.com/cooking/2011/08/spicy-beans/,14700.0,Hard
105,PT1H,2011-09-26,"We're submerged in football right now. There's no other way to put it. Marlboro Man is coaching my two boys' football team, M...",http://static.thepioneerwoman.com/cooking/files/2011/09/TPW_1850.jpg,"2 pounds Ground Chuck 3 cloves Garlic, Minced (optional) 1 can (12 To 14 Ounce) Tomato Sauce 1 can (10 Ounce) Ro-tel (diced Tomatoes And Chilies) 1/2 teaspoon Salt 1 teaspoon Ground Oregano 1 Tablespoon Ground Cumin 2 Tablespoons Chili Powder (more To Taste) 1 can (14-ounce) Kidney Beans, Drained And Rinsed 1 can (14-ounce) Pinto Beans, Drained And Rinsed 1/4 cup Masa (corn Flour) Or Regular Corn Meal 1/2 cup Warm Water  Individual Bags Of Fritos  Grated Sharp Cheddar Cheese  Diced Red Onion (Optional)",Frito Chili Pie,PT5M,8,http://thepioneerwoman.com/cooking/2011/09/frito-chili-pie/,3900.0,Hard
109,PT30M,2011-10-17,"While a few state fairs are happening right now, the one in my state (as is the case with many others) has drawn to a close. ...",http://static.thepioneerwoman.com/cooking/files/2011/10/caveman.jpg,10 whole Turkey Legs  BRINE: 4 quarts Water 1 cup Kosher Salt 1 cup Sugar 1 cup Brown Sugar 2 Tablespoons Seasoning Blend (I Used Montreal) 1 whole Bay Leaf  Dry Rub 2 Tablespoons Chili Powder (less If You Don't Like Things Too Spicy!) 2 teaspoons Seasoning Blend (I Used Montreal) 2 teaspoons Paprika 2 teaspoons Onion Salt,Caveman Pops (aka Roasted Turkey Legs),PT6H,10,http://thepioneerwoman.com/cooking/2011/10/caveman-pops-aka-roasted-turkey-legs/,23400.0,Hard
139,PT10M,2011-05-12,At the salad supper I attended a couple of weeks ago--the one that gave birth to this chicken salad I made recently--four sal...,http://static.thepioneerwoman.com/cooking/files/2011/05/5712043212_092a8fe85d_o.jpg,"1 whole Sirloin Steak, 3/4 To 1 Pound  Kosher Salt To Taste 3/4 cups Ponzo Or Regular Soy Sauce 3 Tablespoons Pure Sesame Oil 2 Tablespoons Olive Oil 2 Tablespoons Rice Wine Vinegar 1 teaspoon Hot Chili Oil (less If You Can't Handle Heat!) 2 cloves Garlic, Peeled And Minced Finely 2 teaspoons Minced Fresh Ginger 2 Tablespoons Packed Brown Sugar 1/2 cup Sliced Green Onion 8 ounces, weight Thin Noodles (I Used Thin Spaghetti)  Cilantro Leaves",Beef Noodle Salad Bowls,PT10M,4,http://thepioneerwoman.com/cooking/2011/05/beef-noodle-salad-bowls/,1200.0,Medium
140,PT11M,2010-07-12,"First, an important clarification: The Pioneer Woman Cooks is not meant to be an encyclopedia of innovative gourmet recipes. ...",http://static.thepioneerwoman.com/cooking/files/2010/07/4784959605_c5713e9e4b_b.jpg,"2 pounds Ground Beef 1/2 whole Medium Onion 1 can (7 Ounce) Mexican Tomato Sauce Or Enchilada Sauce  Salt And Pepper, to taste  Cumin, Oregano, Chili Powder, Garlic To Taste 1 can (28 Ounce) Refried Beans 3/4 cups Grated Cheddar Cheese 12 whole Burrito-sized Flour Tortillas  Extra Grated Cheese, For Sprinkling  Extra Sauce, For Drizzling  Cilantro Leaves, Optional  Optional Filling Ingredients: Mexican Rice, Sour Cream, Guacamole, Green Chilies, Pico De Gallo",Beef and Bean Burritos,PT5M,6,http://thepioneerwoman.com/cooking/2010/07/brown-hot-and-plenty-of-it-vol-i/,960.0,Medium
153,PT1H30M,2011-01-10,"I love, love, love, love Chicken Tortilla Soup. So over the weekend, I made some.     The end.     Wasn't that a beautiful st...",http://static.thepioneerwoman.com/cooking/files/2011/01/5337400468_d5892f3a03_o.jpg,"2 whole Boneless, Skinless Chicken Breasts 1 Tablespoon Olive Oil 1-1/2 teaspoon Cumin 1 teaspoon Chili Powder 1/2 teaspoon Garlic Powder 1/2 teaspoon Salt 1 Tablespoon Olive Oil 1 cup Diced Onion 1/4 cup Diced Green Bell Pepper 1/4 cup Red Bell Pepper 3 cloves Garlic, Minced 1 can (10 Oz. Can) Rotel Tomatoes And Green Chilies 32 ounces, fluid Low Sodium Chicken Stock 3 Tablespoons Tomato Paste 4 cups Hot Water 2 cans (15 Oz. Can) Black Beans, Drained 3 Tablespoons Cornmeal Or Masa 5 whole Corn Tortillas, Cut Into Uniform Strips Around 2 To 3 Inches  _____  FOR THE GARNISHES:  Sour Cream  Diced Avocado  Diced Red Onion  Salsa Or Pico De Gallo  Grated Monterey Jack Cheese  Cilantro",Chicken Tortilla Soup,PT10M,8,http://thepioneerwoman.com/cooking/2011/01/chicken-tortilla-soup/,6000.0,Hard
175,PT30M,2011-03-31,"Before I share this recipe with you, let me warn you: it's a royal mess. But as is the case with many messy dishes (cinnamon ...",http://static.thepioneerwoman.com/cooking/files/2011/03/tacos.jpg,"16 whole Corn Tortillas (small Size) 4 whole Boneless, Skinless Chicken Breasts, Cut Into Pieces  Salt, Cumin, Chili Powder To Taste (or Use Taco Seasoning) 2 Tablespoons Canola Oil 2 cans (4 Ounce) Diced Green Chilies 1-1/2 cup Finely Grated Cheese (cheddar Or Cheddar/jack Mix)  Sour Cream  Hot Sauce (Chulula Or Other Brand) 2 cups Thinly Sliced Romaine Lettuce (or Any Lettuce) 4 whole Roma Tomatoes, Diced  Canola Oil, For Frying Tacos",My Brother’s Chicken Tacos,PT10M,8,http://thepioneerwoman.com/cooking/2011/03/my-brothers-chicken-tacos/,2400.0,Medium
223,PT10M,2010-08-13,  I'll be spending the weekend cooking some new recipes and making such a mess of my kitchen I'll want to cry and burn down t...,http://static.thepioneerwoman.com/cooking/files/2010/08/3949394720_c854047191_o1.jpg,"12 ounces, fluid Thin Noodles, Cooked And Drained 1/4 cup Soy Sauce 2 Tablespoons Sugar 4 cloves Garlic, Minced 2 Tablespoons Rice Vinegar 3 Tablespoons Pure Sesame Oil 1/2 teaspoon Hot Chili Oil 4 Tablespoons Canola Oil 4 whole Green Onions, Sliced Thin",Simple Sesame Noodles,PT10M,8,http://thepioneerwoman.com/cooking/2010/08/simple-sesame-noodles/,1200.0,Medium
241,PT20M,2010-10-08,"This is to die for.     It's just a regular corn chowder made with fresh corn shaved off the cob, which is yummy enough as it...",http://static.thepioneerwoman.com/cooking/files/2010/10/chowder.jpg,"2 slices Bacon, Cut Into 1/2-inch Pieces (or Smaller) 2 Tablespoons Butter 1-1/2 whole Yellow Onion, Diced 5 ears Corn, Shucked (about 4 Cups) 2 whole Chipotle Peppers In Adobo Sauce, Finely Diced 1 whole 4-ounce Can Diced Green Chilies 32 ounces, fluid Low Sodium Chicken Broth 1-1/2 cup Heavy Whipping Cream 1/2 teaspoon Kosher Salt (more To Taste) 3 Tablespoons Corn Meal OR Masa 1/4 cup Water",Corn Chowder with Chilies,PT10M,8,http://thepioneerwoman.com/cooking/2010/10/corn-chowder-with-chilies/,1800.0,Medium
244,PT45M,2010-10-14,"I have a good, basic recipe for cheese grits in my cookbook, but last night I was feeling feisty.     I was cooking steaks. B...",http://static.thepioneerwoman.com/cooking/files/2010/10/5079611293_ff628b6e0c_z.jpg,"4-1/2 cups Water 1/2 teaspoon Salt 1 cup Grits (quick Or Regular) 1/2 can (10 Ounce Can) Rotel (tomatoes And Chilies) 1 can (4 Ounce Can) Chopped Green Chilies 8 ounces, weight Monterey Jack Cheese, Grated 4 ounces, weight Cream Cheese, Cut Into Cubes 1/4 teaspoon Cayenne Pepper 1/4 teaspoon Paprika  Black Pepper To Taste 1 whole Egg Beaten",Creamy Cheese Grits with Chilies,PT5M,8,http://thepioneerwoman.com/cooking/2010/10/creamy-cheese-grits-with-chilies/,3000.0,Medium
245,PT20M,2010-10-20,There are few things I love more than a big green salad with sliced grilled steak on top. Whenever Marlboro Man and I land at...,http://static.thepioneerwoman.com/cooking/files/2010/10/5095710774_9a8833d919_z.jpg,"2 whole Rib-eye Or Strip Steaks, Extra Fat Trimmed  _____  FOR THE DRESSING/MARINADE: 3/4 cups Canola Oil 3 Tablespoons Red Wine Vinegar 1 Tablespoon Balsamic Vinegar 1 Tablespoon Worcestershire Sauce 2 Tablespoons Soy Sauce 1 teaspoon (additional) Soy Sauce 2 Tablespoons Lime Juice 2 Tablespoons Sugar 3 cloves Garlic, Peeled 1 Tablespoon Minced Fresh Ginger 1/2 teaspoon Hot Chili Oil 1 teaspoon Kosher Salt  Lots Of Freshly Ground Black Pepper  _____  FOR THE ONION STRINGS: 2 whole Onions, Sliced As Thin As Possible 2 cups Buttermilk 2 cups Flour 1 Tablespoon Salt 1/2 teaspoon Cayenne Pepper 1 quart Canola Oil  Black Pepper To Taste  _____  FOR THE CANDIED PECAN BITS: 1/2 cup Pecans, Chopped 1 cup Sugar 2 Tablespoons Water  _____  FOR THE SALAD:  Lettuce Mix: Romaine, Arugula, Watercress, Raddiccio, Etc.  Small Grape Tomatoes 3/4 cups Crumbled Blue Cheese",Big Steak Salad,PT1M,4,http://thepioneerwoman.com/cooking/2010/10/big-steak-salad/,1260.0,Medium
272,PT20M,2013-01-07,I am a passionate lover of butternut squash. I've written before about how a spoonful of butternut squash puree (spiked with ...,http://static.thepioneerwoman.com/cooking/files/2013/01/squashkale.jpg,"1/2 whole Butternut Squash, Peeled, Seeded, And Diced. 2 Tablespoons Butter 1 Tablespoon Olive Oil 1/2 teaspoon Kosher Salt  Black Pepper To Taste 1/4 teaspoon Chili Powder (more To Taste) 1 bunch Kale, Leaves Torn, Stalks Discarded 8 whole Small (fajita Sized) Flour Tortillas  Extra Butter For Frying 2-1/2 cups Monterey Jack Cheese, Grated (more If Needed)  Sour Cream For Serving  Cilantro, For Serving  Pico De Gallo, Salsa, Avocado Slices (optional) For Serving",Butternut Squash &amp; Kale Quesadillas,PT15M,4,http://thepioneerwoman.com/cooking/2013/01/butternut-squash-kale-quesadillas/,2100.0,Medium
282,PT,2010-01-27,"Okay. Here's the situation:     I am completely high maintenance when it comes to salsa.     Now, I'm not talking about Pico ...",http://static.thepioneerwoman.com/cooking/files/2010/07/4307514771_c089bbd7101.jpg,"1 can (28 Ounce) Whole Tomatoes With Juice 2 cans (10 Ounce) Rotel (diced Tomatoes And Green Chilies) 1/4 cup Chopped Onion 1 clove Garlic, Minced 1 whole Jalapeno, Quartered And Sliced Thin 1/4 teaspoon Sugar 1/4 teaspoon Salt 1/4 teaspoon Ground Cumin 1/2 cup Cilantro (more To Taste!) 1/2 whole Lime Juice",Restaurant Style Salsa,PT10M,12,http://thepioneerwoman.com/cooking/2010/01/restaurant-style-salsa/,600.0,Medium
297,PT7H,2010-03-30,"Okay. I think we've more than established that when it comes to correct methods for cooking and serving Passover food, I am n...",http://static.thepioneerwoman.com/cooking/files/2010/07/4475462524_0903f9b850.jpg,"1 whole Beef Brisket, Trimmed Of All Fat (5 To 8 Pounds) 1 bottle (24 Ounce) Ketchup Or Chili Sauce (make Sure It's Kosher) 1 package Onion Soup Mix (make Sure It's Kosher)",Passover Brisket,PT10M,8,http://thepioneerwoman.com/cooking/2010/03/passover-brisket-i-think/,25800.0,Hard
301,PT20M,2010-04-12,"I used to be terrified of sloppy joes. It's true. When I was a little girl, I got it in my head that sloppy joes were demons,...",http://static.thepioneerwoman.com/cooking/files/2010/07/4512963320_bba26f6a97_o.jpg,"2 Tablespoons Butter 2-1/2 pounds Ground Beef 1/2 whole Large Onion, Diced 1 whole Large Green Bell Pepper, Diced 5 cloves Garlic, Minced 1-1/2 cup Ketchup 1 cup Water 2 Tablespoons Brown Sugar 2 teaspoons Chili Powder (more To Taste) 1 teaspoon Dry Mustard 1/2 teaspoon Red Pepper Flakes (more To Taste)  Worcestershire Sauce, To Taste 2 Tablespoons Tomato Paste (optional)  Tabasco Sauce (optional; To Taste)  Salt To Taste  Freshly Ground Black Pepper, To Taste  Kaiser Rolls  Butter",Sloppy Joes,PT10M,8,http://thepioneerwoman.com/cooking/2010/04/sloppy-joes/,1800.0,Medium
333,PT1H,2013-01-21,"A couple of weeks ago, I cooked Butternut Squash &amp; Kale Quesadillas. The same day, because I had hacked into a whole butternu...",http://static.thepioneerwoman.com/cooking/files/2013/01/risotto.jpg,"1/2 whole Butternut Squash, Peeled, Seeded, And Diced. 3 Tablespoons Butter 1 Tablespoon Olive Oil 1/2 teaspoon Kosher Salt  Black Pepper To Taste 1/4 teaspoon Chili Powder 1/2 whole Diced Onion 1-1/2 cup Arborio Rice 6 cups (approximately) Vegetable Or Chicken Broth (low Sodium)  Salt And Pepper, to taste 1/8 teaspoon Turmeric 1/4 cup Heavy Cream (less If Desired) 1/2 cup Parmesan Shavings (more For Serving)  Finely Minced Parsley, For Serving",Butternut Squash Risotto,PT10M,8,http://thepioneerwoman.com/cooking/2013/01/butternut-squash-risotto/,4200.0,Hard
349,PT1H,2009-06-04,"Whether you love Chicken Tikka Masala or you've never tried it in your life, you're in for a treat. Ryan comes through once a...",http://static.thepioneerwoman.com/cooking/files/2009/06/chicken-tikka-masala.jpg,"3 whole (to 4) Chicken Breasts  Kosher Salt  Ground Coriander  Cumin, To Taste 1/2 cup Plain Yogurt 6 Tablespoons Butter 1 whole Large Onion 4 cloves Garlic 1 piece (approximately 2 Inches) Chunk Fresh Ginger  Garam Masala 1 can (28 Ounce) Diced Tomatoes  Sugar 1-1/2 cup Heavy Cream 2 cups Basmati Rice  _____  OPTIONAL:  Fresh Cilantro  Chili Peppers  Turmeric  Frozen Peas","Chicken Tikka Masala, by Pastor Ryan",PT30M,6,http://thepioneerwoman.com/cooking/2009/06/chicken-tikka-masala-by-pastor-ryan/,5400.0,Hard
352,PT,2009-08-13,"I dropped by the Lodge yesterday afternoon and discovered, to both my horror and excitement, that our friend Dave from Indian...",http://static.thepioneerwoman.com/cooking/files/2009/08/ree_66701.jpg,"4 ears Sweet Corn 2 whole Very Firm Avocados, Diced  1/2 Red Onion, Diced  1/2 Jalapeno, Seeded And Finely Diced  1/2 Hot Chili Pepper, Seeded And Finely Diced 1 whole Juice Of Lime  Plenty Of Chopped Cilantro  Salt To Taste 1 Tablespoon Vinegar 1 teaspoon Sugar (optional)",Fresh Corn and Avocado Salsa,PT25M,10,http://thepioneerwoman.com/cooking/2009/08/fresh-corn-avocado-salsa/,1500.0,Medium
370,PT30M,2009-11-09,"I'm happy to share my method for making creamy, dreamy, delicious, nutritious, yummy, nummy white chicken enchiladas.    They...",http://static.thepioneerwoman.com/cooking/files/2010/07/4060528829_67db52b435.jpg,"2-1/2 cups Cooked, Shredded Chicken 2 cups Reserved Broth From Chicken 3 Tablespoons Canola Oil 12 whole Corn Tortillas 1 whole Large Onion, Diced 3 whole 4 Oz Cans Whole Green Chilies, Diced 1 whole Jalapeno, Seeded And Finely Diced 1 teaspoon Paprika 1/2 cup Heavy Cream 2 Tablespoons Butter 2 Tablespoons Flour 1 cup Sour Cream 2-1/2 cups Monterey Jack Cheese, Grated  Salt And Pepper, to taste  Picante Sauce (optional)  Cilantro, Chopped",White Chicken Enchiladas,PT45M,6,http://thepioneerwoman.com/cooking/2009/11/white-chicken-enchiladas/,4500.0,Hard
371,PT15M,2009-11-11,I serve this rice with my White Chicken Enchiladas and they really are the perfect complement. It's a very basic Mexican rice...,http://static.thepioneerwoman.com/cooking/files/2010/07/4021656171_abe77dc608.jpg,"2 Tablespoons Canola Oil 1/2 whole Large Onion, Chopped 2 cups Long Grain Rice 3 cloves Garlic, Minced 1 can Rotel Diced Green Chilies And Tomatoes (10 Ounce Can) 1 can Whole Tomatoes (14.5 Ounce Can) 2 cups Low Sodium Chicken Broth (more If Needed) 1 teaspoon Cumin (more To Taste) 1 teaspoon Kosher Salt  Fresh Cilantro, Chopped",Good Ol’ Basic Mexican Rice,PT10M,6,http://thepioneerwoman.com/cooking/2009/11/good-ol-basic-mexican-rice/,1500.0,Medium
372,PT45M,2009-11-12,This dish ain't fancy.     This dish ain't difficult to make. (Huh. Understatement of the modern era.)    This dish...ain't n...,http://static.thepioneerwoman.com/cooking/files/2010/07/4098250665_65310ab692.jpg,"8 whole Roasted, Peeled, And Seeded Green Chiles 1-1/2 cup Monterey Jack Cheese, Grated 5 whole Large Eggs 2 cups Whole Milk  Salt And Black Pepper To Taste 1/2 teaspoon Paprika 1/4 teaspoon Cayenne Pepper",Lazy Chiles Rellenos,PT5M,9,http://thepioneerwoman.com/cooking/2009/11/lazy-chiles-rellenos/,3000.0,Medium
394,PT2H,2010-01-04,"I love white chili. And just like regular chili, there are as many incarnations as there are grains of sand in all the beache...",http://static.thepioneerwoman.com/cooking/files/2010/07/4243109382_1a797f44d2.jpg,"1 whole Fryer Chicken, Cut Up (or 3 Cups Cooked Chicken) 1 whole Medium Onion, Diced 4 cloves Garlic, Minced 2 whole Cans Green Chilies, Chopped 1 pound Dried Great Northern Beans, Rinsed 8 cups Chicken Broth 1 whole Jalapeno, Sliced 1-1/2 Tablespoon Ground Cumin 1/2 teaspoon Paprika 1/2 teaspoon Cayenne Pepper  Salt To Taste  White Pepper, To Taste 1 cup Whole Milk 2 Tablespoons Masa (corn Flour) OR Cornmeal  Grated Monterey Jack, To Taste  Sour Cream For Garnish  Cilantro For Garnish  Guacamole (optional)  Pico De Gallo (optional)  Corn Tortillas, Warmed",White Chili,PT25M,8,http://thepioneerwoman.com/cooking/2010/01/simple-hearty-white-chili/,8700.0,Hard
397,PT20M,2008-09-15,"Okay, people. Let's get down to business here. Let's make enchiladas!     Did you know that in addition to having an imaginar...",http://static.thepioneerwoman.com/cooking/files/2008/09/Enchiladas.jpg," FOR THE SAUCE: 1 Tablespoon Canola Oil 1 Tablespoon All-purpose Flour 1 can (28 Ounce) Enchilada Or Red Sauce 2 cups Chicken Broth 1/2 teaspoon Salt 1/2 teaspoon Ground Black Pepper 2 Tablespoons Chopped Cilantro  _____  FOR THE MEAT: 1-1/2 pound Ground Beef 1 whole Medium Onion, Finely Diced 2 cans (4 Ounce) Diced Green Chilies 1/2 teaspoon Salt  _____  FOR THE TORTILLAS: 10 whole (to 14) Corn Tortillas 1/2 cup Canola Oil  _____  TO ASSEMBLE: 3 cups Grated Sharp Cheddar Cheese 1/2 cup Chopped Black Olives 1 cup Chopped Green Onions 1/2 cup Chopped Cilantro",Enchiladas,PT1H30M,6,http://thepioneerwoman.com/cooking/2008/09/simple-perfect-enchiladas/,6600.0,Hard
424,PT,2009-01-30,"    It's the exact same Mexican Layer Dip I grew up eating in the eighties, with the exception of these modifications:    1. ...",http://static.thepioneerwoman.com/cooking/files/2010/07/3240212440_df1959a301.jpg,"1 can Refried Beans  Tabasco Sauce, To Taste 1 can Diced Green Chilies  Ground Cumin, to taste 3/4 cups Grated Sharp Cheddar Cheese 1 cup Sour Cream 1 cup Guacamole 3/4 cups Monterey Jack Cheese 1 can Black Olives 1 cup Pico De Gallo",Mexican Layer Dip,PT15M,8,http://thepioneerwoman.com/cooking/2009/01/mexican-layer-dip/,900.0,Medium
452,PT5M,2008-01-15,"    There are few things more exciting, culinarily speaking, than slaving away over a dish for hours, then finding a way to u...",http://static.thepioneerwoman.com/cooking/files/2010/07/2189916287_31398ea690.jpg, Beef Brisket Leftovers 1 package Small Corn Tortillas 1 can (about 16 Oz.) Refried Beans 1 can (about 8 Oz.) Hot Tomato Sauce Or Chili Sauce (optional)  Pico De Gallo  Shredded Cheese  Lettuce  Sour Cream 1 whole Avocado  Vegetable Oil,Leftover Brisket Tostadas,PT15M,6,http://thepioneerwoman.com/cooking/2008/01/leftover_brisket_make_tostadas/,1200.0,Medium
464,PT35M,2008-08-14,"Hello PW peeps. It's Ryan, and I'm so excited to share this recipe with you because this has truly been the go-to meal of the...",http://static.thepioneerwoman.com/cooking/files/2008/08/Delicious-Mexican-Lasagna.jpg,"4 cups Unprepared Rice 6 cups (to 8 Cups) Low Sodium Chicken Broth/stock 4 whole (to 8) Tomatoes (up To You) 2 whole (to 3) Onions (up To You) 8 cloves (to 14 Cloves) Of Garlic (up To You)  Butter  Taco Seasoning (or Chili Powder, Paprika, And Cumin) To Taste 1 can (to 2 Cans) Black Or Pinto Beans (up To You) 3 pounds Lean Ground Beef 2 jars (16 Ounce) Salsa Verde  Flour Tortillas 3 packages (16 Ounces) Mexican Cheese Blend 1 jar (16 Ounce) Enchilada Sauce 3 cans Corn, Drained  Sour Cream, to taste  Cilantro, to taste",Cooking With Pastor Ryan: Delicious Mexican Lasagna,PT45M,8,http://thepioneerwoman.com/cooking/2008/08/cooking-with-pastor-ryan-delicious-mexican-lasagna/,4800.0,Hard
490,PT4H,2008-08-06,"   Oh my goodness, am I ever in love with pork shoulder. Wait a minute...did I just say that? That I'm in love with pork...",http://static.thepioneerwoman.com/cooking/files/2008/08/Spicy-Shredded-Pork.jpg,4 pounds (up To 7 Pounds) Pork Shoulder 1 teaspoon Dried Oregano 1 teaspoon Ground Cumin 1 teaspoon Chili Powder 1 Tablespoon (to 2 Tablespoons) Salt  Pepper To Taste 3 cloves (to 4 Cloves) Garlic 1 Tablespoon (to 2 Tablespoons) Olive Oil 2 Tablespoons (to 3 Tablespoons) White Wine Vinegar 1/4 cup Brown Sugar 1 whole Onion  Lime Wedges,Spicy Shredded Pork,PT20M,8,http://thepioneerwoman.com/cooking/2008/08/spicy-shredded-pork/,15600.0,Hard
501,PT15M,2013-01-31,"I made these tacos before my family and I left for our trip to Colorado, and we devoured every bite. They're pretty much the ...",http://static.thepioneerwoman.com/cooking/files/2013/01/tacos.jpg,"16 whole Taco Shells 2 pounds Ground Beef 3 Tablespoons Taco Seasoning 1 can (4 Ounce) Tomato Paste  Salt To Taste 1 can (14.5 Ounce) Beans (kidney, Pinto, Chili), Undrained 1/2 cup Hot Water 1 head Green Leaf Lettuce, Sliced Very Thin 1 cup Grape Tomatoes, Halved (or Diced Regular Tomatoes) 1 cup Grated Cheese (cheddar, Jack, Or Cheddar/jack)  FOR THE DRESSING: 1/4 cup Mayonnaise 1/4 cup Sour Cream 1/4 cup Salsa 1 Tablespoon Ranch Dressing Mix (optional)  Extra Hot Sauce (optional)  Crushed Tortilla Chips (optional)",Salad Tacos,PT10M,8,http://thepioneerwoman.com/cooking/2013/01/salad-tacos/,1500.0,Medium
506,PT10M,2013-02-12,"I made these yummy, crunchy, flavorful wraps after church last Sunday for the following reasons:    1. I was alone in the hou...",http://static.thepioneerwoman.com/cooking/files/2013/02/wraps.jpg,"2 whole Boneless, Skinless Chicken Breasts (breast Halves)  OPTION 1 MARINADE/SAUCE 1 Tablespoon Rice Wine Vinegar 1/4 cup Soy Sauce 1 teaspoon Pure Sesame Oil 1 teaspoon Hot Chili Oil  Juice Of 2 Limes 1 Tablespoon Minced Fresh Ginger 2 Tablespoons Brown Sugar (optional) 1 teaspoon Cornstarch 2 Tablespoons Honey (or Brown Sugar)  Peanut Or Canola Oil For Frying  Peanut Sauce 1/2 cup Peanut Butter (crunch/chunky Is Good!) 3 Tablespoons Soy Sauce 3 Tablespoons Honey 1/2 teaspoon Hot Chili Oil 1 teaspoon Crushed Red Pepper  Juice Of 2 Limes  Water, As Needed For Thinning  Wraps 2 whole Whole-wheat Tortillas  Green Leaf Or Other Lettuce, Leaves Left Whole Or Shredded 1 whole Large Carrot, Cut Into Thin Strips Or Julienne 1/2 whole Cucumber, Seeds Scraped Out, Cut Into Strips  Cilantro Leaves  Shelled Peanuts  Optional Additions:  Bean Sprouts  Alfalfa Sprouts  Baby Spinach Leaves  Thinly Sliced Red Onion  Sliced Green Onion  Blanched Asparagus  Salt And Pepper, to taste  Sriracha",Thai Chicken Wraps,PT20M,2,http://thepioneerwoman.com/cooking/2013/02/thai-chicken-wraps/,1800.0,Medium
510,PT15M,2013-03-04,"When I get a hankering for beef fajitas, I pretty much can think of nothing else until I eat them. I made them over the weeke...",http://static.thepioneerwoman.com/cooking/files/2013/03/fajitas1.jpg,"1 whole Beef Flank Steak 1/2 cup Olive Oil 3 Tablespoons Worcestershire Sauce 1/3 cup Lime Juice, Fresh Squeezed 3 cloves Garlic, Minced 1 Tablespoon Cumin 1 Tablespoon Chili Powder 1/2 teaspoon Red Pepper Flakes 1 teaspoon Salt 1/2 teaspoon Black Pepper 1 Tablespoon Sugar 2 whole Medium Onions, Halved And Sliced 1 whole Red Bell Pepper, Sliced 1 whole Orange Bell Pepper, Sliced 1 whole Green Bell Pepper, Sliced 1 whole Yellow Bell Pepper, Sliced  Oil, For Frying  Flour Tortillas, Warmed  Cheese (grated Cheddar/jack Or Crumbled Queso Fresco)  Salsa  Sour Cream  Cilantro Leaves",Beef Fajitas,PT2H,8,http://thepioneerwoman.com/cooking/2013/03/beef-fajitas/,8100.0,Hard
523,PT5M,2007-10-02,"    Mmmmm...this is it, folks: The Sandwich That Brings Me the Most Happiness in Life. Granted, it's no Marlboro Man's Favori...",http://static.thepioneerwoman.com/cooking/files/2010/07/1470622409_212bb118bd.jpg,"1 Tablespoon Dijon Mustard, to taste 1 Tablespoon Mayonnaise, to taste 1 whole Tomato 1 whole Red Onion, Small 2 slices Mild Cheddar 1 can (4 Oz.) Whole Green Chilies 2 slices Provolone 2 slices Rye Bread  Butter",Pioneer Woman’s Favorite Sandwich,PT10M,1,http://thepioneerwoman.com/cooking/2007/10/pioneer_womans_favorite_sandwich/,900.0,Medium
556,PT0M,2004-09-06,101 Cookbooks: Chocolate Calypso Beans Recipe,http://www.101cookbooks.com/mt-static/images/food/ranchogordobeans.jpg,"1 lb. Jacob's Cattle beans 2 T. olive oil 1 large onion, chopped 1 red bell pepper, chopped 5 cloves garlic, minced 2T. ground, dried red chilies (I used med-hot Chimayo) 1 1/2 T ground cumin 2+ t.  ground cinnamon  1 t. ground allspice 4 1/2 cups water or vegetable stock 1 12 oz. bottle Negro Modelo Mexican beer 1 1/2 discs Ibarra Mexican chocolate",Chocolate Calypso Beans (remix),PT0M,,http://www.101cookbooks.com/archives/000116.html,0.0,Unknown
559,PT0M,2004-12-01,101 Cookbooks: Green Curry with Tofu Recipe,http://www.101cookbooks.com/mt-static/images/food/.jpg,"Ingredients for chili paste: 2 green hot chilies (Thai chilies) 1 tablespoon chopped shallots 1 teaspoon chopped galangal  1/2 teaspoon chopped kaffir lime rind 1 tablespoon chopped garlic 1 tablespoon chopped lemongrass 1 tablespoon chopped krachai 1/4 teaspoon roasted cumin seeds 1/4 teaspoon roasted coriander seeds 1/2 teaspoon salt Other ingredients: 1 cup sliced eggplants 1/4 cup smaller pea-like eggplants (makheau phuang) 1/3 cup sliced onion 70 grams sliced chicken (or firm tofu) 1 teaspoon sugar 1 tablespoon fish sauce (or soy sauce for vegetarians) 3 kaffir lime leaves 2 stems sweet basil (horapaa) 1 cup coconut milk 1 cup water (Again, chicken can be replaced tofu)",Green Curry with Tofu,PT0M,,http://www.101cookbooks.com/archives/000130.html,0.0,Unknown
561,PT0M,2005-02-01,101 Cookbooks: Wild Mushroom Salad Recipe,http://www.101cookbooks.com/mt-static/images/food/thaiwildmush.jpg,"150 g (5 oz) assorted wild mushrooms 2 tablespoons stock pinch of salt pinch of white sugar - optional 3 tablespoons lime juice (you might use less) 2 tablespoons fish sauce (for veg: substitute a splash of soy sauce) large pinch of roasted chili powder 4 shallots, sliced handful of mixed mint and coriander leaves 2 tablespoons shredded pak chii farang (long-leaf coriander) 1 tablespoon chopped spring (green) onion 1 tablespoon ground roasted rice -a few sprigs of Thai basil -sliced cabbage and cucumber",Wild Mushroom Salad Recips,PT0M,,http://www.101cookbooks.com/archives/000140.html,0.0,Unknown
570,PT0M,2009-05-13,"The best pot of chili I've made in years. A vegetarian chili recipe Inspired by a bunch of those little bags of remnant grains and pulses that collect in my cupboards - bulgur, farro, and lentils, join chile peppers, crushed tomatoes, some chickpeas, and a secret ingredient.",http://www.101cookbooks.com/mt-static/images/food/vegetarian_chili_recipe.jpg,"2 tablespoons olive oil 1 large yellow onion, chopped 2 shallots, chopped 8 small/med garlic cloves, finely chopped 1 tablespoon ginger, peeled and grated 3 tablespoons chili powder 1 teaspoon ground cumin 1 serrano pepper, seeded and finely chopped 1 chipotle pepper (from can or rehydrate), minced 1 28-ounce can of crushed tomatoes 10  cups vegetable broth 1 1/2 cups cooked chickpeas (canned is fine) 2 1/4 cups black, brown, or green lentils (or combo), rinsed and picked over 2/3 cup pearled barley or pearled farro 2/3 cup bulgur wheat 1 teaspoon fine grain sea salt (or to taste) toppings (opt): a bit of chopped serranos, a bit of feta or dollop of thinned out salted yogurt, a drizzle of equal parts chopped fresh oregano and olive oil, chopped onion",Pierce Street Vegetarian Chili Recipe,PT0M,,http://www.101cookbooks.com/archives/pierce-street-vegetarian-chili-recipe.html,0.0,Unknown
581,PT0M,2008-06-19,"My tortilla soup recipe - a full-bodied, spicy vegetarian broth envelops a nest of baked tortilla matchsticks. Tiny roasted tomatoes along with a bit of goat cheese lend tang and texture, and flecks of sun-dried tomatoes bring depth and richness to each bowl.",http://www.101cookbooks.com/mt-static/images/food/tortilla_soup_recipe.jpg,"6-8 corn tortillas, cut in half and then into  matchstick-thin strips a big splash of extra virgin olive oil fine grain sea salt 20 small yellow or red cherry tomatoes another splash of extra virgin olive oil 3 cloves garlic, chopped 1 large white onion, chopped 1 teaspoon ground cumin 2 teaspoons ground coriander 1 teaspoon cayenne or other spicy red chili powder 1 14-ounce can crushed tomatoes 6 cups vegetable broth (or water) a few sun-dried tomatoes, chopped 1/4 cup of goat cheese, crumbled",Vegetarian Tortilla Soup Recipe,PT0M,Makes about 6 servings.,http://www.101cookbooks.com/archives/vegetarian-tortilla-soup-recipe.html,0.0,Unknown
612,PT0M,2004-11-15,"A recipe from my first book that was featured in the Washington post - sweet potatoes, chipotle, corn, onions, and puff pastry.",http://www.101cookbooks.com/mt-static/images/food/potpies1.jpg,"3 tablespoons extra-virgin olive oil   1 medium white or yellow onion, chopped   3 cloves garlic, chopped   2 1/2 to 3 cups sweet potatoes, peeled and diced into  1/4-inch pieces   1/2 teaspoon salt (plus more to taste)   1 tablespoon adobo sauce from a can of chipotle chilies (or more to taste)   1 cup corn kernels, fresh or frozen   2 cups cold whole or low-fat milk   2 tablespoons cornstarch   1 box puff pastry dough (allow 20 to 30 minutes to thaw)   1 egg white",Sweet Potato Pot Pie Recipe,PT0M,,http://www.101cookbooks.com/archives/000127.html,0.0,Unknown
625,PT0M,2008-10-11,"A rich, hearty vegetarian mole recipe from Denis Cotter's new book. Seasonal beans, squash, and kale are baked in a rich, hearty chocolate and paprika-spiked mole. ",http://www.101cookbooks.com/mt-static/images/food/pumpkin_mole_recipe.jpg,"~1 1/2 cups (7 ounces) fresh borlotti beans ~1 1/2 cups (7 ounces) winter squash olive oil 4 - 5  big leaves of kale (3 1/2 ounces) 2 tablespoons butter 1 medium onion, chopped 2 - 4 red jalapeno chiles, halved, seeded, and chopped 2 garlic cloves, chopped 1 pound of fresh plum tomatoes, chopped or 14-ounce can 2 teaspoons paprika 1 ounce of almonds, dark roasted and finely ground 2 ounces dark 70% dark chocolate, broken into pieces salt",Borlotti Bean Mole with Roast Winter Squash,PT0M,Serves 4.,http://www.101cookbooks.com/archives/borlotti-bean-mole-with-roast-winter-squash-recipe.html,0.0,Unknown
647,PT0M,2006-04-21,"Turn to this miraculously delicious soup when you are feeling sick - beans, water, garlic, shallots, chiles. Total active prep time was under five minutes, the rest is just waiting and anticipating. ",http://www.101cookbooks.com/mt-static/images/food/soup_for_when_sick.jpg,"1 pound cranberry beans (like Borlotti) 8 cups of water 15 medium cloves of garlic, peeled and trimmed 2 big shallots (I might have used a white onion but didn't have one), sliced on the axis into thin crescents 2-3 dried smoked chiles (I used smoked serranos) but I suspect dried chipotles or even one or two chipotles from the can (in adobo sauce) would work nicely 2 teaspoons+  fine sea salt for seasoning a drizzle of flavorful extra-virgin olive oil a small handful of cilantro, chopped a couple (optional) handfuls of a salty hard cheese, Parmesan, grated (I think my mystery cheese was actually Three Sisters Serena)",A Good Soup for the Sick,PT0M,Serves 4 to 6,http://www.101cookbooks.com/archives/001397.html,0.0,Unknown
651,PT0M,2008-01-03,"Healthy, quick, and satisfying this lentil soup recipe delivers layer after layer of flavor. The tang of the tomatoes plays off the earthiness of the lentils, and the fragrant bolt of saffron yogurt brightens each bowl.",http://www.101cookbooks.com/mt-static/images/food/lentil_soup_recipe_07.jpg,"2 cups black beluga lentils (or green French lentils), picked over and rinsed 1 tablespoon extra virgin olive oil 1 large onion, chopped 1 teaspoon fine-grain sea salt 1 28-ounce can crushed tomatoes 2 cups water  3 cups of a big leafy green (chard, kale, etc), rinsed well, deveined, finely chopped Saffron Yogurt a pinch of saffron (30-40 threads) 1 tablespoon boiling water two pinches of salt 1/2 cup 2% Greek Yogurt  Variations: - You can serve it with a poached egg on top, - or crunchy, fried shallots, - with a drizzle of chive infused cream, - or with chunks of tiny pan-fried butternut squash cubes. - Make a thicker version by using just a bit of water, and then spoon it over an omelette in the morning. - Have some cooked farro or wheat berries around? Toss some in. Millet might be good too. - You can finish the soup by adding your favorite spices or spice blends. Smoked paprika, crushed chiles, toasted cumin, would all work nicely.",Lively Up Yourself Lentil Soup Recipe,PT0M,Serves 6 to 8. ,http://www.101cookbooks.com/archives/lively-up-yourself-lentil-soup-recipe.html,0.0,Unknown
662,PT0M,2005-08-21,"Smoky and creamy, this salsa recipe is best drizzled over eggs, quesadilla, and crepes.",http://www.101cookbooks.com/mt-static/images/food/soty1.jpg,"3 T. vegetable oil  1 ounce dried mirasol (milder) or smoked serrano (more heat) chilies garlic, 12 small to medium cloves - peeled Another 3 T. vegetable oil 1 1/4 cups vegetable broth - Stir in 1/3 cup cream (or to taste) - for a slightly creamy sauce that will add a bit of kick to a wide range of recipes. (this is the sauce you see in the pictures on this post). Drizzle on savory crepes, egg dishes, casseroles, etc. - Stir a couple tablespoons into light or vegan mayo for a spicy sandwich spread. - Spread on panini: with all sorts of fixings.",Salsa of the Year,PT0M,Makes about 1 cup.,http://www.101cookbooks.com/archives/000325.html,0.0,Unknown
664,PT0M,2006-08-08,"A quartet of vibrant, colorful, and unique compound butter recipes - Smoked Paprika, Dry Desert Lime, Raw Serrano, and Dehydrated Strawberry.  ",http://www.101cookbooks.com/mt-static/images/food/compoundbutter.jpg,"4 tablespoons unsalted organic butter, room temperature 1 or 2 Numi Desert Lime tea bags (depending on how strong you want it), cut open and the contents ground in a mortar and pestle 1/4 teaspoon fine grain sea salt 4 tablespoons unsalted organic butter, room temperature 1 tablespoon organic cane sugar (I used Florida Crystals) 1/3 cup dehydrated organic strawberries, minced 4 tablespoons unsalted organic butter, room temperature 2 serrano chiles, deveined and  seeded, loosely chopped 1/4 teaspoon fine grain sea salt 4 tablespoons unsalted organic butter, room temperature 1 - 1 1/2 teaspoons smoked paprika 1/4 teaspoon fine grain sea salt",A Quartet of Compound Butters,PT0M,,http://www.101cookbooks.com/archives/001470.html,0.0,Unknown
699,PT100M,2010-09-15,"Easily one of the best, most interesting soups I've cooked in years. Adapted from a recipe in Rick Bayless's Mexican Kitchen - a dried fava bean and roasted tomato base topped with a fascinating cider-kissed tangy/sweet quick-pickled chile topping.",http://www.101cookbooks.com/mt-static/images/food/fava_soup_recipe.jpg,"1 pound / 16 oz / 450g hulled dry fava beans, rinsed (see photo for reference if needed) 8 cups / 2 liters good vegetable broth or water 6 garlic cloves, unpeeled 1 large white onion, sliced 1/2-inch / 1 cm thick 1 1/2 pounds / 24 oz / 680g ripe tomatoes 6 medium dried guajillo or pasilla chiles, stemmed &amp; seeded 2 tablespoons extra virgin olive oil 2 tablespoons cider vinegar 3/4 teaspoon dried Mexican oregano 1 1/2 teaspoon fine-grain sea salt, plus more to taste 1/2 cup / .25 oz / 10g loosely packed chopped cilantro 2 tablespoons chopped fresh mint, pref. spearmint 1/2 cup / 2 oz / 55g crumbled Mexican queso anejo or feta",Dried Fava Soup with Mint and Guajillo Chiles,PT10M,,http://www.101cookbooks.com/archives/dried-fava-soup-with-mint-and-guajillo-chiles-recipe.html,6600.0,Hard
708,PT3M,2011-05-03,"We picked two new cookbooks to focus on in the 101 Cookbooks Library, and this recipe is inspired by a recipe from one of them. A refreshing chopped cucumber salad loaded with peanuts, spices, coconut, and chiles.",http://www.101cookbooks.com/mt-static/images/food/cucumber_peanut_salad_recipe.jpg,"3 medium cucumbers, partially peeled 1-2 green serrano chiles, stemmed and minced 1/2 cup / 2.5 ounces / 70 g peanuts, toasted 1/3 cup / 1.5 ounces / 45 g dried large-flake coconut, toasted 2 tablespoons fresh lemon juice 1 teaspoon natural cane sugar 1 tablespoon, ghee, clarified butter, or sunflower oil 1/2 teaspoon black mustard seeds 1/4 teaspoon cumin seeds scant 1/2 teaspoon fine grain sea salt a handful cilantro, chopped",Cucumber Peanut Salad,PT10M,,http://www.101cookbooks.com/archives/cucumber-peanut-salad-recipe.html,780.0,Medium
716,PT0M,2006-11-20,"Made from carrots, this is a healthy, simple and delicious alternative to deep-fried potatoes. These baked oven fries (made from carrots) are simply roasted with olive oil and a sprinkling of sea salt.  ",http://www.101cookbooks.com/mt-static/images/food/bakedcarrotfries1.jpg,"a big bunch of farmers' market carrots, washed, trimmed extra virgin olive oil sea salt 4 ounces organic tofu 1/4 cup orange juice quick squeeze of lime scant 1 teaspoon adobo sauce from a can of chipotle chiles 1/2 teaspoon fine grain sea salt",Baked Carrot Oven Fries,PT0M,,http://www.101cookbooks.com/archives/001529.html,0.0,Unknown
740,PT0M,2008-05-15,"A quick and delicious green curry recipe - peas, asparagus, and tofu swimming in a fragrant, not-overly-rich Thai green chile broth.",http://www.101cookbooks.com/mt-static/images/food/light_greencurry_recipe.jpg,"2 teaspoons green curry paste* scant 1/2  teaspoon salt 1 14-ounce can coconut milk (light ok) 1 large onion, sliced 14 ounces water or light vegetable broth 6 ounces of firm tofu cut into 1/2 inch cubes 1 cup peas, fresh or frozen 2 cups asparagus, cut into 1/2-inch segments squeeze of fresh lime juice 1/4 cup small basil leaves 2 green hot chilies (Thai chilies) 1 tablespoon chopped garlic 1 tablespoon chopped shallots 1 teaspoon chopped galangal 1/2 teaspoon chopped kaffir lime rind 1 tablespoon chopped lemongrass 1 tablespoon chopped krachai 1/4 teaspoon roasted cumin seeds 1/4 teaspoon roasted coriander seeds 1/2 teaspoon salt",In a Hurry Green Curry Recipe,PT0M,Serves 4.,http://www.101cookbooks.com/archives/in-a-hurry-green-curry-recipe.html,0.0,Unknown
786,PT15M,2010-11-10,"Cauliflower tastes great like this. Imagine a skillet of caramelized onions cooked down with fragrant cumin, ginger, garlic, sesame seeds and chiles. Add cauliflower and cook until tender. Vibrant, spicy, sweet earthiness, all on one plate.",http://www.101cookbooks.com/mt-static/images/food/spicy_cauliflower_recipe.jpg,"1 1/2 tablespoons extra-virgin olive oil or clarified butter 1 teaspoon cumin seeds 2 medium yellow onions, finely sliced a pinch of turmeric fine grain sea salt 1 medium / 12 oz cauliflower, thinly sliced  4 dried red chiles, stemmed and halved 1-2 teaspoon sesame seeds, lightly toasted 1 garlic clove, grated 4 cm / 1 1/2-inch piece of fresh ginger, peeled and finely grated 1-2 green jalapeno chiles, seeds removed, finely chopped 2-3 tablespoons chopped fresh cilantro / coriander",Spiced Cauliflower with Sesame Seeds,PT20M,,http://www.101cookbooks.com/archives/spicy-cauliflower-with-sesame-recipe.html,2100.0,Medium
790,PT10M,2011-05-31,"A simple Indian-spiced green pea soup, and a few snapshots of things I'm bringing with me in a move up the street.",http://www.101cookbooks.com/mt-static/images/food/pea_soup_recipe.jpg,"3 tablespoons fresh ginger, well chopped 10 sm-med cloves garlic, smashed and peeled 2 serrano chiles, stemmed and chopped 1/4 teaspoon ground cumin, plus more to serve 3 tablespoons ghee or sunflower oil 2 bay leaves 1 medium onion, chopped 4 1/2 cups good-tasting vegetable stock or water 3 1/2 cups / 500 g / 18 oz shelled fresh or frozen peas 1 teaspoon sea salt, or to taste a squeeze of fresh lemon juice 8 fresh mint leaves, slivered pan-fried paneed, queso fresco, or haloumi, cut into tiny cubes - optional",Green Pea Soup Recipe,PT7M,Serves 4 - 6.,http://www.101cookbooks.com/archives/green-pea-soup-recipe.html,1020.0,Medium
814,PT40M,2011-01-01,"An amazing New Year Noodle Soup from Greg &amp; Lucy Malouf's beautiful book, Saraban. It's a bean and noodle soup at its core featuring thin egg noodles swimming in a fragrant broth spiced with turmeric, cumin, chiles, and black pepper. You use a medley of lentils, chickpeas, and borlotti beans which makes the soup heart and filling without being heavy. You add spinach, dill, and cilantro. You add lime juice for a bit of sour at the end. And then you've got a number of toppings to add when you serve the soup - chopped walnuts, caramelized onions, and sour cream. Amazing.",http://www.101cookbooks.com/mt-static/images/food/newyear_noodle_soup_recipe_xl.jpg,"2 tablespoons olive oil 1 onion, thinly sliced 1 long red chili OR green serrano, finely chopped 1/2 teaspoon ground turmeric 1 teaspoon ground cumin 1/4 teaspoon freshly ground black pepper 8 1/2 cups / 2 liters good-tasting vegetable stock/broth 100g / 3.5 oz yellow split peas or brown lentils 1 1/2 cups cooked chickpeas, rinsed if using canned 2 cups / 350g cooked borlotti beans fine grain sea salt 120 g thin egg noodles, fresh or dried 3 1/2 oz / 100g fresh spinach leaves, finely shredded 1/2 cup finely shredded cilantro leaves 2 tablespoons chopped fresh dill juice of one lime Toppings: 1 tablespoon olive oil 1 tablespoon unsalted butter 1 large onion, thinly sliced 100 ml sour cream or creme fraiche 50g / scant 2 ounces of toasted, chopped walnuts",New Year Noodle Soup,PT20M,,http://www.101cookbooks.com/archives/new-year-noodle-soup-recipe.html,3600.0,Medium
898,PT0M,2007-05-18,"Baked eggs in edible cups with cherry tomatoes, garlic, olive oil and  lots of vibrant spices.",http://www.101cookbooks.com/mt-static/images/food/bakedeggrecipe_07.jpg,"2-3 tablespoons extra virgin olive oil 3 big pinches ground cumin 2 big pinches chili flakes 2 big pinches smoked paprika 2 big pinches fine sea salt 1 cup spring (or regular) onion, chopped 1 clove garlic, chopped 1 cup cherry tomatoes, halved or quartered 2 pieces of pita bread, cut into quarters 6 large organic eggs Garnish: finely chopped tomatoes, chile flakes, cilantro (optional) Special equipment: standard 12 muffin tin",Baked Egg Recipe,PT0M,Makes six egg cups.,http://www.101cookbooks.com/archives/baked-eggs-recipe.html,0.0,Unknown
1014,PT0M,2005-12-30,"This candied walnut recipe was is the perfect solution to a New Years Eve hors d'oeuvres dilemma. Made with walnuts, sea salt, black pepper, cinnamon, cayenne pepper, and powdered sugar.",http://www.101cookbooks.com/mt-static/images/food/candiedwalnutrecipe.jpg,"Peanut or canola oil for deep-frying (hs note: has anyone seen an organic peanut oil out there?) Finely ground sea salt, preferably gray salt  Freshly ground black pepper  1/2 teaspoon ground cinnamon  1/2 teaspoon cayenne pepper  4 cups walnut halves  1 cup confectioners' sugar, sifted 2 cans (15 1/2 ounces each) chickpeas (garbanzo beans)  3/4 cup buttermilk 3/4 cup olive oil 1 1/2 cups 1Arborio Rice Coating (below) 1/4 cup thinly sliced garlic  15 fresh sage leaves 2 teaspoons thin serrano chili slices (optional)  Finely ground sea salt, preferably gray salt  Zest of 1 lemon, cut into julienne  Freshly ground black pepper 1 cup Arborio rice  3 cups unbleached all-purpose flour  1 cup semolina flour  2 tablespoons finely ground sea salt, preferably gray salt  1 teaspoon freshly ground black pepper ",Spiced Candied Walnuts Recipe,PT0M,Makes 4 cups.Makes about 5 cups.,http://www.101cookbooks.com/archives/001033.html,0.0,Unknown
1031,PT0M,2009-04-29,"Monica Bhide's Chile Pea Puff recipe - crispy-skinned baked snacks stuffed with peas, paneer cheese, chiles, and garlic. From her new cookbook - Modern Spice: Inspired Indian Flavors for the Contemporary Kitchen.",http://www.101cookbooks.com/mt-static/images/food/pea_puff_recipe.jpg,"nonstick cooking spray (HS note: or a bit of olive oil) 1 cup cooked green peas, lightly mashed 1/4 cup crumbled paneer 2 small green serrano chiles, minced (remove seeds to reduce heat) 1/4 teaspoon salt to start 1/4 teaspoon red chile powder or red chile flakes (less to reduce heat) 1/2 teaspoon minced garlic 32 wonton wrappers 1 egg white, lightly beaten",Monica Bhide's Chile Pea Puffs,PT0M,Makes 32 puffs.,http://www.101cookbooks.com/archives/monica-bhides-chile-pea-puffs-recipe.html,0.0,Unknown
1037,PT10M,2011-10-05,"Potstickers - For my flight to London,  I made the filling with lots of caramelized shallots &amp; pureed yellow split peas then pan-fried them until the bottoms were crisp and golden. They freeze like beautifully, perfect for quick dumpling-centric meals later on.",http://www.101cookbooks.com/mt-static/images/food/potsticker_recipe.jpg,"1/2 cup sunflower oil 8 green onions / scallions, white and green parts, thinly sliced 1 small serrano chiles, thinly sliced, or to taste 1 1/2 tablespoons sugar 1/4 cup / 60 ml soy sauce  1/4 cup / 60 ml water 4 tablespoons sunflower oil, plus more for pan-frying 1/2 cup chopped shallots (4 medium) 1/2 teaspoon fine grain sea salt, or to taste 2 cups / 11 oz / 310 g cooked yellow split peas, ideally at room temperature, then process in a food processor until uniform and fluffy 1 package round potsticker wrappers",Golden Potstickers,PT60M,Makes a big platter of dumplings.,http://www.101cookbooks.com/archives/golden-potstickers-recipe.html,4200.0,Hard
